[
  {
    "name": "eye_anim",
    "align": "GFX_ALIGN_LEFT_MID",
    "x": 10,
    "y": 30
  },
  {
    "name": "status_icon",
    "align": "GFX_ALIGN_TOP_MID",
    "x": -120,
    "y": 18
  },
  {
    "name": "toast_label",
    "align": "GFX_ALIGN_TOP_MID",
    "x": 0,
    "y": 20,
    "width": 200,
    "height": 40
  },
  {
    "name": "clock_label",
    "align": "GFX_ALIGN_TOP_MID",
    "x": 0,
    "y": 20,
    "width": 200,
    "height": 50
  },
  {
    "name": "listen_anim",
    "align": "GFX_ALIGN_TOP_MID",
    "x": 0,
    "y": 5
  }
]
  