[
    {"emote": "happy",       "src": "Happy.eaf",     "loop": true,  "fps": 20},
    {"emote": "laughing",    "src": "Happy.eaf",     "loop": true,  "fps": 20},
    {"emote": "funny",       "src": "Happy.eaf",     "loop": true,  "fps": 20},
    {"emote": "loving",      "src": "Happy.eaf",     "loop": true,  "fps": 20},
    {"emote": "embarrassed", "src": "Happy.eaf",     "loop": true,  "fps": 20},
    {"emote": "confident",   "src": "Happy.eaf",     "loop": true,  "fps": 20},
    {"emote": "delicious",   "src": "Happy.eaf",     "loop": true,  "fps": 20},
    {"emote": "sad",         "src": "Sad.eaf",       "loop": true,  "fps": 20},
    {"emote": "crying",      "src": "cry.eaf",       "loop": true,  "fps": 20},
    {"emote": "sleepy",      "src": "sleep.eaf",     "loop": true,  "fps": 20},
    {"emote": "silly",       "src": "Happy.eaf",     "loop": true,  "fps": 20},
    {"emote": "angry",       "src": "angry.eaf",     "loop": true,  "fps": 20},
    {"emote": "surprised",   "src": "Happy.eaf",     "loop": true,  "fps": 20},
    {"emote": "shocked",     "src": "shocked.eaf",   "loop": true,  "fps": 20},
    {"emote": "thinking",    "src": "confused.eaf",  "loop": true,  "fps": 20},
    {"emote": "winking",     "src": "neutral.eaf",   "loop": true,  "fps": 20},
    {"emote": "relaxed",     "src": "Happy.eaf",     "loop": true,  "fps": 20},
    {"emote": "confused",    "src": "confused.eaf",  "loop": true,  "fps": 20},
    {"emote": "neutral",     "src": "winking.eaf",   "loop": false, "fps": 20},
    {"emote": "idle",        "src": "neutral.eaf",   "loop": false, "fps": 20}
]
